{
  "bag_name": "multi_016",
  "scene_duration": 72.452715884,
  "all_agent_ids": [
    0,
    1,
    2,
    3,
    4,
    5,
    6
  ],
  "authorized_agent_ids": [
    0,
    1,
    3,
    4,
    6
  ],
  "total_auth_events": 16,
  "total_gestures": 1,
  "authorized_gestures": 1,
  "gesture_latency": {
    "mean": 1.6246740819999999,
    "min": 1.6246740819999999,
    "max": 1.6246740819999999
  },
  "per_agent": {
    "0": {
      "time_in_scene": 19.572022218,
      "total_time_authorized": 12.460231541999999,
      "times_authorized": 3,
      "gestures": 0,
      "gesture_counts": {},
      "avg_auth_event_conf": 0.8089922269185384,
      "avg_auth_conf": 0.8711692089206177,
      "avg_scene_confidence": 0.7803750309008586,
      "time_to_auth": 3.575960159
    },
    "1": {
      "time_in_scene": 10.240347374,
      "total_time_authorized": 4.569761515,
      "times_authorized": 2,
      "gestures": 0,
      "gesture_counts": {},
      "avg_auth_event_conf": 0.8097820281982422,
      "avg_auth_conf": 0.8694589266294166,
      "avg_scene_confidence": 0.7213665063348774,
      "time_to_auth": 3.166593075
    },
    "2": {
      "time_in_scene": 0.116302652,
      "total_time_authorized": 0,
      "times_authorized": 0,
      "gestures": 0,
      "gesture_counts": {},
      "avg_auth_event_conf": 0.0,
      "avg_auth_conf": 0.0,
      "avg_scene_confidence": 0.0,
      "time_to_auth": null
    },
    "3": {
      "time_in_scene": 45.749724766,
      "total_time_authorized": 27.453017952,
      "times_authorized": 7,
      "gestures": 0,
      "gesture_counts": {},
      "avg_auth_event_conf": 0.8053615689277649,
      "avg_auth_conf": 0.7641664390814932,
      "avg_scene_confidence": 0.7095405690823541,
      "time_to_auth": 0.939213276
    },
    "4": {
      "time_in_scene": 17.738383591,
      "total_time_authorized": 9.951508045,
      "times_authorized": 3,
      "gestures": 1,
      "gesture_counts": {
        "circle": 1
      },
      "avg_auth_event_conf": 0.8541167775789896,
      "avg_auth_conf": 0.8028712344996501,
      "avg_scene_confidence": 0.7125867783942955,
      "time_to_auth": 6.866434335
    },
    "5": {
      "time_in_scene": 0.234500974,
      "total_time_authorized": 0,
      "times_authorized": 0,
      "gestures": 0,
      "gesture_counts": {},
      "avg_auth_event_conf": 0.0,
      "avg_auth_conf": 0.0,
      "avg_scene_confidence": 0.0,
      "time_to_auth": null
    },
    "6": {
      "time_in_scene": 6.198494322,
      "total_time_authorized": 3.120018482,
      "times_authorized": 1,
      "gestures": 0,
      "gesture_counts": {},
      "avg_auth_event_conf": 0.8058599233627319,
      "avg_auth_conf": 0.7272557323629206,
      "avg_scene_confidence": 0.6628481009258673,
      "time_to_auth": 1.45402503
    }
  }
}