{
  "bag_name": "unnamed",
  "scene_duration": 27.140771827,
  "all_agent_ids": [
    0,
    1
  ],
  "authorized_agent_ids": [
    0,
    1
  ],
  "total_auth_events": 2,
  "total_gestures": 0,
  "authorized_gestures": 0,
  "gesture_latency": {
    "mean": 0.0,
    "min": 0.0,
    "max": 0.0
  },
  "per_agent": {
    "0": {
      "time_in_scene": 22.375810255,
      "total_time_authorized": 17.188879251,
      "times_authorized": 1,
      "gestures": 0,
      "gesture_counts": {},
      "avg_auth_event_conf": 0.8102623820304871,
      "avg_auth_conf": 0.8544845083691427,
      "avg_scene_confidence": 0.7795485138948591,
      "time_to_auth": 4.6608874799999995
    },
    "1": {
      "time_in_scene": 1.678497108,
      "total_time_authorized": 0.69039011,
      "times_authorized": 1,
      "gestures": 0,
      "gesture_counts": {},
      "avg_auth_event_conf": 0.8021736145019531,
      "avg_auth_conf": 0.9189813641401438,
      "avg_scene_confidence": 0.6391148707614496,
      "time_to_auth": 0.963532448
    }
  }
}